y_test,y_hat
0.0,0.8982153
0.0,0.6926437
0.0,0.59040534
0.0,0.60423326
0.0,0.78707665
0.0,1.2311312
0.0,2.0722098
3.1879191,3.4897287
12.392623,5.667361
16.66291,8.648419
15.762056,12.135166
22.32824,15.532752
26.817055,18.31282
22.860815,20.244192
33.916203,21.276436
29.255638,21.363708
20.714548,20.444197
29.817316,18.496948
30.005564,15.590097
27.833055,12.015133
19.392256,8.397934
12.163958,5.409098
6.5248275,3.3419387
6.5248275,2.0842266
5.1237535,1.3173057
5.1237535,0.9585117
8.140687,0.78539395
6.744422,0.76880926
5.8392253,0.9545332
5.8392253,1.4605812
5.8392253,2.4861314
8.91084,4.30241
8.166971,7.1274543
5.3166285,10.816744
7.461593,14.707176
28.662535,18.032627
33.062748,20.426374
31.216818,21.895126
16.581724,22.528507
9.376082,22.343012
7.5539455,21.290781
4.8689017,19.314262
11.847265,16.40076
18.90242,12.735498
19.709974,8.901283
15.764087,5.6616607
8.622703,3.4202232
6.0177817,2.0884736
6.0177817,1.3480109
1.684979,0.98270375
0.0,0.8106188
0.0,0.7680769
0.0,0.84350854
0.0,1.0528663
0.0,1.4299201
0.59207964,2.0203931
6.864835,2.8744764
19.265287,4.0322585
32.646988,5.49359
31.321005,7.1698046
35.430237,8.84438
33.258034,10.191203
40.332607,10.8590145
35.660706,10.595314
27.925127,9.393243
24.051733,7.566621
14.484859,5.6099463
8.455475,3.9208035
3.799871,2.6532512
0.0,1.7785276
0.0,1.203147
1.741763,0.8376713
6.1473985,0.5602021
2.7458382,0.41036707
0.0,0.36776492
0.0,0.43265545
0.0,0.6311546
0.0,1.0193149
0.0,1.6853607
4.017914,2.7511008
17.952942,4.359473
30.800037,6.6121616
22.824577,9.435992
28.598736,12.489055
25.408934,15.278649
30.93363,17.386837
40.56128,18.535805
28.910305,18.531578
23.702642,17.296434
11.076161,14.943555
17.739489,11.814815
12.154287,8.50676
5.6202073,5.6629295
0.0,3.613942
0.0,2.3126116
1.924726,1.5427105
6.078082,1.1185266
0.8711918,0.8869883
0.0,0.79204184
0.0,0.8244611
0.0,1.015219
0.0,1.4339616
0.0,2.1929822
1.7030357,3.4483254
10.5940275,5.3689585
14.634746,8.020494
25.968225,11.189412
40.29852,14.3744755
41.025467,17.053085
30.45282,18.901724
12.6753435,19.75188
19.867764,19.492859
17.860464,18.094109
19.399681,15.6492
12.157997,12.427922
0.6566123,8.97571
0.0,5.9624434
0.0,3.77655
0.0,2.3946059
0.0,1.5871034
2.7139657,1.1353558
6.0310345,0.8903799
6.0310345,0.7877069
10.298363,0.81708086
9.749706,1.0145392
6.0310345,1.461579
6.0310345,2.2913527
9.155564,3.689458
28.79614,5.845707
40.654854,8.790868
41.025467,12.200372
41.025467,15.475087
41.025467,18.102613
27.58679,19.84022
22.040617,20.592283
18.666746,20.28736
35.259655,18.898087
25.544449,16.48329
16.217234,13.242825
18.903076,9.6598625
25.494123,6.4324512
25.575985,4.0417137
7.835926,2.5227365
5.066069,1.6434878
0.30743507,1.15839
6.148701,0.8968719
6.148701,0.7842933
6.148701,0.8087705
6.148701,1.0118322
3.5047598,1.4884326
0.0,2.3955204
1.6413566,3.950629
25.735487,6.357625
31.696516,9.589029
38.974678,13.193568
41.025467,16.496937
33.804867,19.030443
29.13269,20.641382
33.312065,21.300879
41.025467,20.969824
40.807068,19.618631
33.678257,17.270748
13.448034,14.058357
20.862867,10.38829
15.937187,6.9620695
4.927354,4.354577
6.1491046,2.6792698
0.40524775,1.7146934
0.0,1.1892064
0.0,0.9075313
0.0,0.782595
0.0,0.79996186
0.0,1.0069722
0.0,1.5136445
0.6080137,2.503578
8.261553,4.227145
20.709925,6.8912487
41.025467,10.386604
34.561626,14.132969
36.919582,17.413315
34.471222,19.82743
41.025467,21.310537
41.025467,21.890629
41.025467,21.55421
40.63869,20.265722
30.797283,18.014395
21.480654,14.870509
6.4342337,11.157792
16.401646,7.5545115
21.839087,4.7215543
12.287548,2.8692036
12.287548,1.8033866
16.199518,1.2292178
14.143488,0.9233231
12.090607,0.7833891
12.090607,0.7911038
12.090607,0.99968886
12.090607,1.5357414
12.959571,2.611946
16.008059,4.5104117
15.491187,7.426699
21.132273,11.151002
31.226274,14.986166
14.380426,18.206516
23.167963,20.492643
28.01153,21.857622
40.86495,22.375607
41.025467,22.05326
41.025467,20.847397
26.489012,18.715403
18.921947,15.672856
14.6688795,11.960363
11.966251,8.208478
16.686771,5.1470737
13.084229,3.0971425
12.134793,1.9121442
6.0787883,1.2631348
6.0787883,0.93744934
6.0787883,0.78948927
6.0787883,0.77568394
6.0787883,0.9047519
6.0787883,1.2218868
6.0787883,1.806272
7.3623424,2.7730663
20.01302,4.263697
33.36016,6.386707
37.39189,9.08159
40.972595,12.008447
31.508766,14.6499605
29.21935,16.543848
30.122892,17.380737
20.870913,17.000008
32.291832,15.425482
40.56986,12.888978
34.56766,9.84503
32.95487,6.908917
27.560686,4.571098
26.304262,2.9690437
22.23236,1.9700955
16.384039,1.3747209
11.946524,1.0325655
14.595535,0.8460376
13.048512,0.77565706
6.0551333,0.81811035
5.8096595,1.0023292
7.52773,1.389369
2.9633477,2.0769598
14.100949,3.202369
23.733885,4.92085
41.025467,7.314304
41.025467,10.235288
24.27205,13.257589
23.754719,15.86708
14.16409,17.676014
19.980288,18.438185
21.123802,18.010082
10.427943,16.398985
14.783212,13.796365
5.3325515,10.608097
4.2473283,7.452501
0.0,4.89181
0.0,3.1284845
0.0,2.039961
3.0795918,1.4037565
6.5248275,1.3862444
6.5248275,0.99907875
6.5248275,0.80855256
0.65248275,0.78048164
0.0,0.94746715
0.0,1.4023407
3.3659053,2.300439
9.834025,3.8566148
0.6227651,6.281016
24.25624,9.56803
31.774052,13.270818
38.11199,16.681175
41.025467,19.310713
41.025467,21.038038
30.820396,21.89043
18.530397,21.862364
15.6510315,20.90688
11.588871,18.98775
15.01783,16.128553
15.139112,12.554529
9.533986,8.848783
5.6857285,5.7164097
16.491192,3.5176132
17.260382,2.174722
13.327974,1.0435907
15.1835785,0.8486165
15.1835785,0.77380073
21.154139,0.8158408
17.06902,1.0083984
15.1835785,1.422924
15.1835785,2.1754622
17.204357,3.4299448
41.025467,5.3636265
41.025467,8.0369425
41.025467,11.211383
35.839874,14.363154
36.845123,16.966087
29.666742,18.694908
20.786804,19.370987
13.5656805,18.890303
25.671387,17.26331
31.25046,14.643054
39.861168,11.369879
40.716114,8.034469
27.745316,5.2573915
17.99587,3.3203764
17.99587,2.1285112
16.396734,1.4420708
5.993327,1.0595378
7.9802837,0.853818
9.490371,0.7730916
5.993327,0.8137687
5.993327,1.0148088
5.993327,1.4596661
6.290139,2.2856135
9.190525,3.6859176
17.417921,5.8547583
22.12526,8.809699
40.038445,12.201119
29.469667,15.421522
19.353298,17.966135
21.708073,19.58893
32.464554,20.178469
38.610527,19.665033
30.632582,18.055887
36.999844,15.462567
33.914257,12.154283
20.460869,8.672921
16.854492,5.6818786
11.71466,3.5536172
9.9560375,2.240288
5.786719,1.4924852
5.786719,1.0820127
5.786719,0.8627009
4.9572887,0.7742788
0.0,0.8123706
0.0,1.0217694
0.49706668,1.4997025
12.0242815,2.4076786
10.715973,3.969763
15.173313,6.387516
19.546583,9.611527
22.763897,13.171344
20.002419,16.402412
25.877699,18.851212
38.730755,20.356688
23.548008,20.868464
9.870245,20.34465
17.915844,18.784002
35.132423,16.256077
27.484472,12.9592905
20.652985,9.370177
8.422291,6.1732607
9.825144,3.836638
10.500978,2.3807287
7.8927674,1.5578177
5.1757674,1.112527
5.1757674,0.876239
5.1757674,0.77806723
5.1757674,0.8120506
1.0696585,1.0292845
0.0,1.5426116
0.0,2.5406153
0.42230767,4.277693
1.2246923,6.9487658
12.746024,10.414975
22.144049,14.089088
29.754759,17.282806
24.014032,19.61423
16.852129,21.00344
23.382195,21.452183
27.488665,20.940254
6.60284,19.454433
12.7617235,17.02377
21.803333,13.780006
30.838297,10.124092
37.80995,6.736682
26.001787,4.1774106
9.746806,2.5555642
3.9502947,1.6410266
0.0,1.1525799
0.0,0.8953702
0.0,0.7851436
0.0,0.81317604
0.0,1.0371443
0.0,1.5872703
1.538642,2.6815312
5.4934025,4.6016254
11.731089,7.5188026
15.988496,11.188941
15.746205,14.925229
17.239847,18.047829
13.761118,20.255106
18.980692,21.53823
20.97114,21.941572
24.641146,21.461782
17.367134,20.072304
15.266698,17.764393
4.112503,14.609108
1.3571428,10.927797
0.0,7.3731565
0.0,4.5826607
0.0,2.770752
0.0,1.7453197
4.048029,1.1959683
1.5989714,0.92422545
0.0,0.80464923
0.0,0.8047562
0.0,0.9384544
0.0,1.2530503
0.0,1.8291968
2.5426672,2.7846534
7.59925,4.2633376
27.3422,6.368942
33.36299,9.02323
29.48038,11.868705
28.120821,14.385064
25.807577,16.109077
17.672285,16.728077
6.851106,16.106895
34.109524,14.333708
36.516956,11.716024
16.611002,8.760817
12.490999,6.0564375
12.320816,3.991752
7.9944777,2.615477
1.0174354,1.7684187
0.0,1.2647328
3.7800255,0.97351307
4.2499747,0.8150907
0.0,0.7590329
0.0,0.80628026
0.0,0.98686993
0.0,1.3614417
0.101555556,2.0277174
7.335135,3.1252294
16.441925,4.8129034
41.025467,7.1713037
41.025467,10.042713
31.284258,12.990944
25.57288,15.496858
19.615082,17.161093
20.513252,17.724049
27.720161,17.062212
25.853388,15.245984
24.38866,12.545652
6.3589234,9.433246
1.8078023,6.516166
0.0,4.2527304
6.2729387,2.7413921
0.0,1.8227308
1.6272868,1.2876307
6.1023254,0.98291284
0.1423876,0.81825984
0.0,0.7591097
0.0,0.8069066
0.0,0.99635285
0.0,1.3981427
1.7372222,2.1279047
7.8709393,3.3510718
14.314294,5.246286
24.837086,7.8694344
37.821938,10.974566
31.700348,14.038808
10.317432,16.537395
12.925364,18.129173
11.031488,18.614765
9.424033,17.90467
12.633911,16.067282
13.298762,13.33207
5.731765,10.115644
21.215036,7.0169277
10.255679,4.5558867
5.7422795,2.896376
5.7422795,1.893638
5.7422795,1.3189814
5.7422795,0.9970241
5.7422795,0.82427776
5.7422795,0.76099133
5.7422795,0.80890346
5.7422795,1.0079657
5.7422795,1.4405499
14.708344,2.2429993
16.90551,3.6086936
24.818996,5.7295327
27.569569,8.615749
22.731554,11.917587
14.834049,15.041617
13.932674,17.487358
31.440899,18.985712
22.79364,19.397326
5.424827,18.66165
21.30907,16.838196
11.16504,14.111314
27.51493,10.834286
37.139996,7.5785847
16.861774,4.915971
16.228985,3.089246
14.429854,1.9854429
9.648002,1.3612999
5.89712,1.0172688
8.900346,0.8340905
8.900346,0.7653843
8.900346,0.81279117
7.8330207,1.0221056
4.7419357,1.4891608
4.7419357,2.373849
5.1718793,3.8980598
16.947495,6.2560554
38.744778,9.390065
38.440212,12.841446
22.91224,15.972489
36.160114,18.332588
28.305908,19.729177
14.845754,20.077991
15.944595,19.341255
31.60582,17.563944
34.257584,14.883892
41.025467,11.588243
30.063288,8.205029
25.636621,5.3418655
8.830641,3.328457
9.970623,2.1033716
4.4732256,1.4172736
11.81232,1.4215664
11.81232,1.0058914
11.81232,0.79628325
11.81232,0.75233
11.81232,0.9100142
11.81232,1.3750492
11.81232,2.3271434
11.81232,4.015898
12.606684,6.670721
17.550236,10.228547
32.684025,14.110354
41.025467,17.534662
41.025467,20.064053
41.025467,21.666473
41.025467,22.42914
30.436785,22.374321
38.080025,21.456581
41.025467,19.61852
24.245249,16.840805
14.078741,13.277848
11.81232,9.457547
11.81232,6.127552
11.81232,3.7434406
2.113117,2.2803166
0.0,1.0450885
6.108511,0.8486232
0.0,0.77297544
0.0,0.819042
0.0,1.0389991
0.0,1.5440005
2.0651283,2.5200331
7.143391,4.215813
14.155157,6.8130255
37.52421,10.166525
24.230648,13.71634
22.114254,16.811045
27.45196,19.06668
28.333496,20.363832
15.434668,20.665981
24.859026,19.95232
28.057926,18.24952
20.085875,15.649544
5.8369956,12.374143
13.946827,8.89643
5.6818852,5.840482
0.0,3.622677
0.0,2.2533264
0.0,1.489945
0.0,1.0820304
0.0,0.86882085
0.0,0.78445864
0.0,0.8280961
0.0,1.0586759
0.0,1.6044302
0.0,2.6792784
0.0,4.554301
3.786515,7.3814154
24.981056,10.916252
22.889408,14.516137
16.67912,17.54405
7.703965,19.68933
11.901102,20.89726
7.5395174,21.171225
16.740955,20.502748
18.443426,18.89858
14.121995,16.40686
2.8859513,13.186589
4.455028,9.648964
10.374384,6.4155054
0.695419,3.9801629
0.0,2.441927
3.3688138,1.5828797
0.61108845,1.4302343
6.1108847,0.98636436
2.261027,0.7721178
0.0,0.7215225
0.0,0.8296128
0.0,1.1323652
6.829398,1.6988106
3.2751482,2.6279874
5.730467,4.040107
13.676538,6.0363274
26.067162,8.596158
25.722244,11.462456
13.400445,14.179947
15.5674515,16.299402
12.954314,17.5056
10.044872,17.603935
14.610728,16.526249
21.789917,14.379134
27.298546,11.491196
20.465012,8.418227
6.9678435,5.739447
0.57925,3.7603903
0.0,2.4598835
0.0,1.6605146
0.0,1.1947957
0.0,0.9347644
0.0,0.8226571
0.0,0.8440817
0.0,1.0215255
0.0,1.4103546
0.0,2.0981722
11.36323,3.202702
21.530386,4.8538957
24.93145,7.1288643
28.154104,9.929228
29.749336,12.909592
25.284367,15.602219
26.289822,17.623943
18.81208,18.728498
20.561028,18.750189
32.58955,17.615648
23.23281,15.399867
14.810803,12.379664
16.260283,9.090279
10.9051075,6.1659
6.0773687,3.9876835
1.1141841,2.564526
0.0,1.7040263
0.0,1.2095104
0.0,0.93562853
4.4740386,0.81592363
1.8709614,0.8344765
0.0,1.017934
0.0,1.4315915
5.51939,2.1801505
5.33762,3.406276
21.491104,5.2643642
22.649303,7.8241925
25.642658,10.912068
31.279657,14.074541
24.882643,16.802229
29.784714,18.76
20.973003,19.77334
29.795593,19.724712
41.025467,18.556025
28.90454,16.318842
26.430717,13.229359
10.086323,9.774892
5.469709,6.6247344
10.902436,4.2428727
7.5644426,2.6855512
0.0,1.7545648
0.0,1.2271295
0.0,0.93700093
0.0,0.8077297
0.0,0.82145953
0.0,1.0093998
0.0,1.4481267
0.0,2.2621033
3.6213229,3.6225731
10.81441,5.708026
31.366228,8.5652275
32.441814,11.9183855
40.052727,15.204283
41.025467,17.904009
36.298325,19.75712
19.886494,20.665726
9.291076,20.556282
10.181746,19.38036
8.247714,17.162832
8.892509,14.056254
15.282282,10.482124
16.428343,7.123949
6.2290483,4.532081
3.2568767,2.827033
5.8143396,1.8155819
5.8143396,1.2498336
1.3566793,0.9404241
0.0,0.79920536
0.0,0.8057013
0.0,0.9959781
1.7283607,1.459229
5.9877048,2.3423772
7.8915215,3.848376
19.174664,6.17659
25.023397,9.330799
24.019926,12.911699
15.184841,16.260084
12.260343,18.882563
28.13971,20.608637
37.53694,21.412954
19.84532,21.258942
12.74877,20.102102
18.287209,17.939182
36.476284,14.861527
17.587133,11.213681
14.017284,7.6691318
11.618091,4.8620706
10.249287,2.9939847
7.726736,1.8900092
0.0,1.2794089
0.0,0.94721377
0.0,0.79140544
0.0,0.7878863
0.0,0.9776719
0.0,1.4638354
0.0,2.4183304
5.9158444,4.077934
19.782911,6.656223
22.168758,10.092373
11.416493,13.853285
20.772886,17.21026
26.716812,19.724548
30.204243,21.318085
26.181452,22.028637
18.467657,21.849262
24.99258,20.735006
18.69513,18.654692
21.018478,15.644168
13.287075,11.967126
6.6436405,8.262379
0.0,5.2377872
0.0,3.1906302
1.1955425,1.9803016
4.929971,1.0799134
4.929971,0.81066716
3.878244,0.6759499
0.0,0.6617332
0.0,0.7900752
0.0,1.1071491
3.7375,1.6806505
3.2803063,2.5982792
5.4860225,3.960439
13.606703,5.850885
17.534824,8.261826
12.332613,10.997862
14.49662,13.676673
19.65326,15.876964
25.458855,17.271088
8.261929,17.635366
10.210413,16.852125
34.118816,14.965639
19.658705,12.242196
13.172488,9.191506
10.247855,6.4062414
5.1053305,4.263143
0.0,2.8095405
1.425341,1.8960308
0.0,1.2659005
0.0,0.99363
0.0,0.87506616
0.0,0.8937945
0.0,1.0747782
0.0,1.4804622
5.177538,2.2119431
11.562728,3.4088185
20.365093,5.226401
23.529305,7.7448897
25.213203,10.80949
32.36667,13.978235
38.950954,16.734137
36.248566,18.72709
30.812029,19.775082
16.756308,19.758331
26.589817,18.61567
31.425508,16.396942
15.102976,13.316103
4.347672,9.858839
5.9862437,6.7014
4.173765,4.3145227
0.0,2.7550492
0.0,1.8232535
0.0,1.3208001
0.0,1.0422807
0.0,0.901621
0.0,0.8705925
0.0,0.9563757
0.0,1.1899388
3.9857783,1.6230683
11.887516,2.326172
13.099142,3.3815105
13.862928,4.862549
11.827854,6.7842994
16.261456,9.026892
14.185364,11.295828
22.251844,13.188707
20.741283,14.306428
20.09878,14.317556
16.275524,13.061826
18.54688,10.741076
14.181274,7.9625273
10.9144535,5.4243827
12.933142,3.511583
12.267201,2.2375169
6.7881823,1.4434316
5.9208474,0.9639941
5.9208474,0.628326
5.9208474,0.43791196
5.9208474,0.36365497
5.9208474,0.41190732
5.9208474,0.62490255
2.881479,1.0857949
1.6194813,1.9243298
8.741236,3.3196642
20.944197,5.465244
30.307768,8.42348
32.96358,11.914641
24.347002,15.349427
28.311934,18.188078
33.90383,20.180159
40.316673,21.259373
29.507158,21.362404
22.701078,20.41133
11.229744,18.391794
13.137988,15.397678
17.827196,11.749929
17.092587,8.112294
11.381714,5.1688943
11.10216,3.1816738
4.8624616,2.002088
4.841593,1.3792448
4.841593,1.0425826
9.389849,0.88875073
8.116337,0.8921363
4.841593,1.0914912
4.841593,1.5869285
4.3773885,2.5473797
0.0,4.207328
3.6586666,6.7794538
10.348837,10.203924
27.29095,13.950448
28.788416,17.29346
40.175983,19.79525
29.577595,21.37842
25.943169,22.085676
33.638832,21.917923
25.774918,20.83486
9.395186,18.805872
6.55727,15.85884
10.550514,12.228958
14.538388,8.526071
11.526032,5.4651656
6.129551,3.3710783
6.129551,2.1238046
6.129551,1.438593
6.129551,1.0707814
6.129551,0.8992072
1.2872057,0.8926394
0.0,1.0947264
0.0,1.6214025
0.0,2.6703494
4.2874393,4.510759
3.194989,7.353577
7.0765114,11.041181
18.453623,14.905039
32.68717,18.190548
29.461231,20.545162
16.188168,21.982468
25.305336,22.598404
36.029778,22.418478
24.210955,21.401033
12.20254,19.48965
14.986815,16.663858
7.580899,13.075406
0.0,9.259534
4.024443,5.9750857
5.2492743,3.6634326
6.225883,2.2724676
10.576233,1.4852189
10.576233,1.0807557
10.576233,0.88962185
5.2847867,0.85234743
5.829499,0.9670183
9.833049,1.2705685
8.4923,1.8333246
10.944701,2.7588127
16.358152,4.1762667
33.53158,6.1951413
30.6675,8.788183
33.32592,11.670074
41.025467,14.355087
35.522682,16.378555
23.060925,17.41905
13.433065,17.288021
22.342726,15.95304
13.932586,13.584431
3.0427673,10.588194
0.0,7.5720997
1.1314286,5.0807395
2.0365713,3.323026
0.0,2.2046752
0.0,1.5294307
0.0,1.137946
0.0,0.9214723
0.0,0.832976
0.0,0.86364967
0.0,1.0376186
0.0,1.4099138
0.0,2.068774
7.629465,3.1374228
27.708015,4.759008
41.025467,7.02694
33.034706,9.84627
33.20904,12.851518
24.97139,15.544693
22.915144,17.518822
31.650818,18.510569
26.68122,18.350029
24.53879,16.991817
12.727141,14.570886
5.03511,11.442059
5.297759,8.204178
2.9841442,5.471066
0.0,3.5274355
2.6627808,2.3000116
5.9172907,1.5723857
5.9172907,1.1572621
10.881577,0.92983377
5.9172907,0.83604944
5.9172907,0.8662423
0.9467665,1.048614
0.32107845,1.4477366
12.913858,2.1688056
11.443039,3.360537
22.856056,5.1910954
31.18993,7.744313
41.025467,10.844482
32.97094,14.017002
18.126373,16.72883
16.82358,18.62737
13.745782,19.523064
24.177288,19.294569
27.431976,17.909836
20.15597,15.473792
9.568568,12.27332
0.71204656,8.862857
4.9785566,5.9036374
6.2231956,3.7659814
6.2231956,2.4162934
6.2231956,1.6262851
6.2231956,1.1824439
6.2231956,0.9414074
6.2231956,0.8407255
6.2231956,0.86946946
6.2231956,1.060398
6.2231956,1.4891614
6.8997545,2.280851
12.316709,3.6132119
29.05,5.67717
41.025467,8.527349
41.025467,11.879894
41.025467,15.155113
41.025467,17.821125
41.025467,19.605118
41.025467,20.39438
41.025467,20.111536
34.701046,18.731703
25.445011,16.32631
20.51763,13.110259
14.968604,9.571599
24.830193,6.3973036
17.497494,4.051209
11.194344,2.5602596
0.74641305,1.695068
0.0,1.2157936
0.0,0.9577041
0.0,0.8480871
0.0,0.8741012
0.0,1.0735177
1.5474516,1.534778
14.082732,2.406066
11.447083,3.8969393
20.445965,6.214453
30.067635,9.358798
41.025467,12.917972
27.698072,16.228685
26.772501,18.798079
26.937737,20.4461
17.681751,21.131416
11.668683,20.813353
10.18803,19.468145
19.188742,17.132544
20.134018,13.951858
22.809185,10.332967
24.985573,6.961061
10.568699,4.3933973
6.10569,2.7391047
6.10569,1.7827274
4.7511363,1.3615518
2.1855228,1.0578756
0.0,0.91932046
0.0,0.9251137
0.0,1.0921344
0.0,1.4691252
0.72868854,2.1337397
10.886136,3.1886482
19.168283,4.7468963
28.47661,6.883542
29.22733,9.536884
35.7499,12.426964
26.772474,15.126922
18.407618,17.24858
15.528923,18.528639
25.361713,18.787905
13.805104,17.92339
24.618576,15.96283
20.288013,13.125104
17.05744,9.886112
11.619727,6.873135
6.4501534,4.532028
9.635987,2.9482195
6.8383384,1.9663352
11.83136,1.2595218
15.056712,0.9801252
11.511063,0.8591371
8.703128,0.88082
6.246185,1.0883331
0.3955917,1.584779
0.0,2.544697
3.8494887,4.210678
19.518442,6.79393
25.980957,10.212829
24.442896,13.921211
30.1903,17.207075
41.025467,19.64691
35.989376,21.153524
25.372707,21.74656
16.176365,21.414476
15.32584,20.130081
14.205441,17.896116
15.766316,14.794543
16.47823,11.14473
3.9331014,7.600624
3.8128228,4.8022103
3.8128228,2.960441
3.8128228,1.8935053
3.8128228,1.3158593
3.8128228,1.0100245
3.8128228,0.8748378
3.8128228,0.8902436
3.8128228,1.1050065
3.8128228,1.6387849
4.037629,2.6954937
14.58919,4.5495553
31.727043,7.3992653
38.33641,11.057324
38.204098,14.854207
37.57838,18.068789
35.738903,20.364157
31.471363,21.736374
27.875223,22.254177
20.802807,21.928648
13.167674,20.72672
19.419342,18.619232
17.032148,15.632528
6.7093306,11.999568
2.007417,8.316975
0.687481,5.2857823
5.892694,3.2322555
9.898969,2.0321062
11.902106,1.3701243
11.902106,1.0353531
11.902106,0.8812925
11.902106,0.86208284
8.680766,0.98253626
6.009412,1.2824949
6.009412,1.8341393
10.648778,2.7441561
24.54817,4.146601
19.691713,6.1524096
29.66349,8.724317
38.71088,11.559074
41.025467,14.158763
40.96233,16.049976
37.049496,16.900187
36.815598,16.53116
28.398964,14.964951
32.979256,12.452977
20.237894,9.474821
26.030613,6.6432967
14.088146,4.415081
6.009412,2.8971677
6.009412,1.9500818
1.1017255,1.3822745
0.0,1.0523388
0.0,0.87052524
0.0,0.7999478
0.0,0.8368414
0.0,1.006949
0.0,1.3652576
1.2366308,2.0004735
18.142578,3.039314
30.505207,4.6321
38.531994,6.877265
38.35088,9.673089
19.573162,12.63792
16.466486,15.259882
17.774235,17.118479
17.960817,17.93357
21.025213,17.540358
20.127247,15.944975
20.777424,13.363361
28.579458,10.23408
22.871176,7.1802545
8.488384,4.7315483
5.2814126,3.0562716
3.7504375,2.0221524
3.4160156,1.4145416
3.4160156,1.0673004
3.4160156,0.877657
3.4160156,0.80346906
3.4160156,0.84079826
3.4160156,1.0194769
3.4160156,1.403726
5.8838716,2.0988972
8.829585,3.2569752
17.45835,5.052326
24.972315,7.5712657
26.480299,10.631283
17.34801,13.749126
20.976074,16.385578
24.16832,18.173443
15.409358,18.90017
17.900229,18.444359
19.837505,16.820303
24.217249,14.208815
18.423649,10.985641
22.891153,7.7500334
13.234582,5.0893593
9.360957,3.2463832
4.5455546,2.1128905
5.464427,1.4567776
0.0,1.1099802
0.0,0.9229068
0.0,0.8308391
0.0,0.81966376
0.0,0.9029161
0.0,1.1119646
0.781415,1.4947904
7.4122577,2.116391
12.765267,3.0559983
7.496375,4.390853
4.1066732,6.147453
15.064008,8.218484
14.592903,10.311676
12.689742,12.009275
5.9166665,12.888341
0.0,12.630812
0.0,11.186732
0.0,8.918301
0.0,6.4715285
2.9604506,4.3968577
6.1250706,2.9001038
6.1250706,1.9168257
6.1250706,1.2976913
6.1250706,0.913673
11.458529,0.6301373
12.16295,0.46193895
9.815005,0.39472628
6.0378785,0.44034657
6.0378785,0.6415331
6.0378785,1.0822743
8.545303,1.9004036
7.8791647,3.2946103
9.626909,5.474827
13.609457,8.478504
21.622816,11.960758
33.803226,15.299428
41.025467,17.975922
41.025467,19.751951
41.025467,20.528347
30.005816,20.212708
17.67932,18.770603
16.526445,16.292904
15.496321,13.019457
13.494848,9.443397
10.503622,6.244337
10.503622,3.8913977
10.503622,2.4178584
5.5974536,1.5849276
0.6292469,1.1537305
6.2924685,0.92490464
6.2924685,0.83153385
1.8248159,0.86637586
0.0,1.0745257
0.0,1.557924
2.5341094,2.4898887
11.758117,4.11197
12.490254,6.6303134
17.59575,9.959708
17.04099,13.572804
19.618967,16.785849
16.247482,19.172745
15.924911,20.610533
3.1786923,21.078863
3.0502472,20.55443
8.608546,19.0393
9.3755245,16.592484
10.845566,13.381512
18.442532,9.824193
9.359069,6.5673404
2.9991415,4.117508
2.1893733,2.5617428
1.580247,1.6785982
5.9259257,1.2031912
5.293827,0.95361286
0.0,0.849948
0.0,0.8819421
5.991163,1.3926653
5.991163,1.0699279
6.991163,0.9216811
6.8511624,0.9243529
5.991163,1.098173
5.991163,1.5009832
5.991163,2.2261584
15.329083,3.3992946
35.808666,5.157547
33.674522,7.575909
35.778084,10.531335
36.028225,13.637191
31.797386,16.406006
26.819324,18.481266
25.710287,19.670925
32.022957,19.850735
17.93476,18.94125
13.686232,16.95601
17.921057,14.057815
27.194021,10.664586
15.477258,7.4221506
5.991163,4.857539
5.991163,3.1151192
0.39941084,2.0440967
5.7842364,1.4266019
6.0886703,1.0822022
0.4870936,0.92229545
0.0,0.9200128
0.0,1.0993254
0.0,1.5285285
0.91116667,2.319461
7.5166826,3.6247942
32.229248,5.607354
35.620686,8.32913
29.010666,11.575507
30.268108,14.840282
24.415066,17.604143
29.88307,19.576992
23.188105,20.649479
16.974825,20.749775
23.30943,19.816774
22.901796,17.84634
25.261166,14.94296
13.609063,11.449955
6.4806643,8.006298
10.510251,5.2183275
1.0090955,3.3052082
5.0607886,2.1341715
5.953869,1.4664805
5.953869,1.096841
5.953869,0.9226806
5.953869,0.91304916
5.953869,1.0959026
5.179866,1.5513663
0.0,2.4126132
5.587121,3.8633358
12.256995,6.0912123
25.192886,9.1265335
19.731466,12.633923
31.476406,15.991349
41.025467,18.686474
41.025467,20.520834
30.40687,21.467285
12.70503,21.498846
8.001944,20.566187
16.051737,18.64499
27.332016,15.7844515
25.285147,12.245295
19.098566,8.632604
21.842505,5.623081
21.922611,3.5255072
15.365166,2.2409763
12.866689,1.5150046
9.675617,1.1156955
13.042067,0.92421323
7.9888406,0.9043546
6.9781957,1.0881246
6.9781957,1.5688137
8.776922,2.503792
17.04736,4.1109986
25.801981,6.5985465
28.67979,9.941927
36.269985,13.664428
41.025467,17.049837
40.134884,19.631004
24.967035,21.311487
23.209988,22.137346
35.970425,22.11729
12.283001,21.208029
18.744974,19.364063
19.534456,16.585306
18.968142,13.050104
14.5685425,9.304697
6.9781957,6.078637
11.74073,3.7822318
5.5543737,2.3684247
5.3915496,1.5744623
5.3915496,1.1403326
5.3915496,0.92813855
5.3915496,0.8947809
5.3915496,1.0760987
5.3915496,1.5797613
7.967985,2.5900033
11.85126,4.36088
39.926945,7.112422
41.025467,10.741443
41.025467,14.6242075
40.65601,17.984509
34.931656,20.428131
30.099035,21.95692
41.025467,22.677103
40.89012,22.624872
36.277237,21.759167
23.085503,20.013783
27.061556,17.3464
19.767279,13.859413
12.210255,10.021328
5.3915496,6.589027
5.3915496,4.0805025
1.3299155,2.5199573
0.0,1.6094706
0.0,1.132438
0.0,0.900903
0.0,0.84218776
0.0,0.9467626
0.0,1.2470869
2.5969737,1.8093005
2.0201144,2.7303088
14.420842,4.1295524
18.374073,6.109741
16.285734,8.654256
29.031727,11.509442
32.572433,14.220333
33.890656,16.336218
23.373693,17.541225
18.176416,17.63954
10.583276,16.558924
6.528123,14.402675
6.7496095,11.501749
0.0,8.421061
0.7525,5.74671
0.0,3.780317
0.0,2.4928842
0.81552994,1.7027963
5.4368663,1.2416492
5.4368663,0.9839961
0.10873733,0.8727009
0.0,0.8930841
0.0,1.0662692
0.0,1.4452008
1.0926316,2.1143515
4.638711,3.1886203
21.668827,4.7982073
37.460056,7.028518
37.75451,9.798839
26.917738,12.778794
19.07613,15.49837
15.120774,17.560095
13.598697,18.706448
15.677846,18.765013
21.331934,17.655968
18.822977,15.451529
12.33042,12.430118
5.6516314,9.133578
8.262215,6.2060647
9.8816185,4.0311594
6.5069165,2.6137276
0.34703556,1.7579014
25.049486,9.429622
15.105659,9.352294
13.883312,9.067071
19.620567,8.461054
17.63884,7.497928
20.25403,6.254983
14.203289,4.9092355
5.655967,3.6610434
2.3324656,2.6436496
0.0,1.890145
0.0,1.3648273
0.0,1.0099059
0.0,0.77646214
0.0,0.62885845
0.0,0.5641932
0.0,0.6072407
0.0,0.82224995
0.0,1.3277154
0.0,2.3137321
0.0,4.0336466
7.937546,6.685725
10.521548,10.148463
12.789457,13.855834
30.267931,17.120003
41.025467,19.541618
41.025467,21.015482
41.025467,21.533388
29.369125,21.052328
33.363144,19.537676
18.65437,17.00914
17.497183,13.616032
28.003357,9.822663
15.582247,6.3769026
9.013959,3.8382807
6.724466,2.2658348
0.0,1.3922678
0.0,0.92830974
0.0,0.67709094
0.0,0.554831
0.0,0.5529952
0.0,0.7302819
0.0,1.2181631
0.70462245,2.2357788
3.2521036,4.0738187
10.028555,6.937598
21.691896,10.631524
21.954212,14.47572
32.773697,17.743587
30.959661,20.090961
38.181995,21.495861
41.025467,21.990305
21.218058,21.545017
17.664263,20.110678
14.745385,17.671173
6.104573,14.319648
11.775244,10.457251
9.12639,6.8343277
3.2838414,4.0974026
2.2890244,2.3841283
5.722561,1.4379157
5.722561,0.9332324
5.722561,0.685523
5.722561,0.57734376
2.9757316,0.5817994
0.0,0.7194434
0.0,1.0461308
7.434178,1.6531897
10.369862,2.6705046
9.048556,4.2521195
18.097147,6.500345
23.176859,9.313878
29.409492,12.300284
14.700123,14.922368
19.086704,16.727797
18.954649,17.418753
13.884022,16.857111
3.3419268,15.108
9.048208,12.443946
20.155275,9.351667
8.217476,6.4503655
9.5858965,4.194973
7.2383037,2.6792722
6.5380955,1.7484674
6.5380955,1.200917
6.5380955,0.8907079
6.5380955,0.7244285
6.5380955,0.66702455
1.4819682,0.7198328
0.0,0.91810113
0.0,1.3326628
17.893158,2.0758893
11.14008,3.3024828
16.273932,5.173719
8.199304,7.7379208
21.778233,10.772132
25.1267,13.793587
10.440266,16.297413
24.206133,17.933117
12.84651,18.479074
25.29564,17.820627
27.679342,16.003635
23.616997,13.251463
9.790264,10.003398
9.150175,6.8906093
5.8239074,4.4366655
5.8239074,2.7867062
5.8239074,1.7862608
2.5222182,1.2094896
3.2882953,0.8865631
3.2882953,0.71365595
3.2882953,0.6512083
0.86591774,0.7012995
0.0,0.9047201
1.5825685,1.3439107
9.887174,2.1512208
8.145003,3.5086884
17.976522,5.5945907
15.463082,8.423615
38.666397,11.678656
32.737305,14.798497
23.141003,17.286018
29.093733,18.85356
17.609634,19.335918
19.968687,18.644997
14.522204,16.818562
23.887589,14.03697
29.172722,10.683021
35.58793,7.381194
16.818867,4.7226796
5.9559274,2.9217503
5.9559274,1.8380922
1.4294225,1.2238901
0.0,0.8852399
0.0,0.70388234
0.0,0.63474554
0.0,0.68042785
0.0,0.8877702
3.3043315,1.3522308
6.437483,2.2285957
11.791085,3.7278113
21.025814,6.038742
22.577919,9.124151
18.246746,12.562666
13.628495,15.732341
22.060266,18.168732
28.453802,19.6558
41.025467,20.082672
25.915352,19.382605
10.967582,17.579668
17.06123,14.80865
28.012083,11.388849
20.549707,7.919969
14.408396,5.053144
11.753642,3.0851426
11.355433,1.9046713
11.355433,1.2455628
11.355433,0.88765585
11.355433,0.6958486
2.8762288,0.6182339
0.0,0.65752023
0.0,0.8669948
1.0205662,1.3565108
22.19014,2.3055239
15.682123,3.9541857
20.735489,6.4927783
24.641256,9.814981
21.865173,13.3947115
34.118004,16.572828
28.699867,18.936234
26.329876,20.341349
22.131605,20.72632
26.875755,20.04048
29.934204,18.290127
28.659805,15.5645075
22.144665,12.117143
34.7409,8.506946
17.77646,5.431967
12.920481,3.2809203
10.758187,1.98837
6.13093,1.2756878
8.683188,0.8945764
10.211033,0.69026506
0.14678936,0.60235775
0.0,0.6330048
0.0,0.8421523
0.0,1.3552337
0.0,2.378127
1.7076958,4.178937
18.42324,6.938431
32.416622,10.468609
28.09686,14.147972
32.717106,17.3042
32.653187,19.585535
35.96597,20.915657
29.802032,21.275177
32.900677,20.625181
25.866096,18.951885
33.76964,16.300728
32.8684,12.860759
28.013266,9.137853
15.388552,5.8601465
12.654674,3.5119517
9.904908,2.0911212
6.3421655,1.3151984
4.242193,0.9066259
4.242193,0.6878381
4.242193,0.5879469
4.242193,0.60754883
4.242193,0.8131571
4.242193,1.3465896
0.4807819,2.441139
5.1403804,4.3899937
9.637651,7.353621
11.773994,11.057032
9.522607,14.799928
19.288816,17.91652
30.217167,20.117723
28.66917,21.385675
15.562454,21.736973
14.073104,21.141586
11.890459,19.565044
18.779663,17.011614
31.424938,13.60944
24.07296,9.803732
19.747526,6.334771
8.095397,3.7792895
10.10991,2.2142136
10.10991,1.3647368
10.10991,0.9232797
10.10991,0.71042174
10.10991,0.62131834
10.10991,0.6370875
10.10991,0.7830489
10.10991,1.118485
13.607407,1.7390817
22.186941,2.781189
29.731844,4.4025636
32.708363,6.691699
36.329174,9.509247
32.2413,12.429032
29.602005,14.912079
28.288595,16.518187
26.339596,16.965054
24.812765,16.157797
25.748758,14.225067
37.98094,11.495697
39.489563,8.486508
30.222687,5.7825284
18.635345,3.7515676
13.987234,2.4178705
13.987234,1.6085908
8.725472,1.1343758
0.0,0.86487013
0.0,0.7215742
0.0,0.6771004
0.0,0.7369503
0.0,0.9384969
0.29004672,1.3543851
8.927989,2.100486
15.493422,3.3371513
16.595348,5.22727
21.755531,7.804185
30.997156,10.816258
25.87467,13.764483
29.931044,16.146687
23.170658,17.61273
36.355015,17.943863
22.127102,17.060728
17.258394,15.068596
26.494106,12.249122
41.025467,9.0823
35.21834,6.175393
23.317795,3.962813
9.199783,2.5109575
3.7914612,1.642083
0.0,1.1433556
0.0,0.86325717
0.0,0.7143837
0.0,0.6658621
0.0,0.72440004
0.0,0.9330909
2.9208062,1.3763746
11.92634,2.1903658
15.960867,3.5619106
34.415085,5.665939
36.429615,8.494452
27.143782,11.703397
27.987383,14.729478
19.572065,17.087994
18.022692,18.48945
17.650976,18.765476
22.312584,17.857449
39.16549,15.856677
32.97883,12.999586
26.765043,9.717508
9.085058,6.6230335
3.232951,4.218785
5.9677486,2.6311295
8.799655,1.6893808
11.631562,1.1583656
11.631562,0.86470723
10.318658,0.70857674
5.6638145,0.65467817
5.6638145,0.71078396
5.6638145,0.92632014
5.6638145,1.3990915
5.6480083,2.2878952
9.240339,3.8066652
25.28783,6.1336236
15.823118,9.201218
10.594766,12.567908
9.364468,15.626402
15.477268,17.931437
9.321167,19.260532
12.682723,19.493256
22.397497,18.58609
11.766132,16.610569
2.8086965,13.754717
20.25156,10.392928
31.875685,7.1267576
28.29406,4.5222907
2.2819488,2.7805355
0.0,1.7517135
2.9381971,1.1807866
5.8763943,0.8700191
5.8763943,0.70473915
5.8763943,0.64398086
5.8763943,0.6962646
5.1712265,0.9179095
0.19103774,1.4216514
20.007673,2.391136
21.657581,4.066318
30.637995,6.617192
32.754406,9.900908
32.609596,13.382967
21.637682,16.435951
19.420801,18.669361
13.966691,19.927414
15.383396,20.132753
6.8906245,19.251629
9.718694,17.33168
14.412986,14.511991
29.081728,11.105742
27.351934,7.6882257
19.921207,4.878763
9.774072,2.9640737
9.6541395,1.8318169
7.390131,1.2118939
4.7323837,0.87990725
4.7323837,0.7034361
4.7323837,0.6342357
4.7323837,0.68102455
4.7323837,0.9074213
4.7323837,1.4425263
4.7323837,2.4964066
10.22149,4.3320656
14.9842615,7.0984163
24.37015,10.567323
38.644363,14.124394
41.025467,17.144583
39.517136,19.299416
41.025467,20.494677
41.025467,20.690413
41.025467,19.858418
40.46772,18.020226
26.376833,15.26711
25.982729,11.849915
35.086063,8.30518
20.14462,5.2913127
12.145928,3.1860423
12.491624,1.9323332
9.115621,1.2528805
8.702208,0.8950074
13.536059,0.70522237
7.588898,0.6259843
7.9712367,0.6653327
8.304563,0.8943315
9.957404,1.4595194
11.846367,2.5980563
12.560198,4.591264
26.163193,7.5550337
29.036535,11.173853
32.34192,14.771952
22.210258,17.743784
29.30225,19.822613
26.03925,20.96801
11.686453,21.17194
17.61895,20.40915
15.927648,18.67458
14.645772,16.013872
22.497103,12.616433
14.291483,8.970953
5.9635816,5.7596025
8.963195,3.449474
12.969696,2.0556355
10.558799,1.3048316
5.867448,0.9225128
5.867448,0.74098533
5.867448,0.6688102
5.867448,0.6941509
5.867448,0.84561914
2.4103878,1.1839826
14.606845,1.806349
9.439357,2.8505595
13.156239,4.470708
13.468333,6.736606
12.662747,9.479928
11.722151,12.262758
5.798841,14.557795
3.8451798,15.936282
1.8585,16.135523
6.024323,15.113942
10.059033,13.066145
17.778498,10.371273
28.118671,7.550368
14.812214,5.116971
6.5367737,3.3395574
5.9675927,2.1887562
4.658925,1.4924467
4.6155796,1.0827254
4.6155796,0.84733146
1.8923877,0.72251254
0.0,0.6877812
0.0,0.7517285
0.0,0.95235443
0.0,1.3617914
0.0,2.0954616
4.328186,3.3131385
18.404388,5.1725636
18.885628,7.692976
21.706907,10.610197
18.563648,13.428836
11.476891,15.653351
9.64161,16.926981
5.558869,17.036572
12.363788,15.950153
15.529717,13.839919
23.656147,11.046669
35.218136,8.069686
32.141003,5.450959
12.933593,3.516253
4.232969,2.2664828
7.764941,1.5212114
11.853989,1.091583
11.853989,0.8013175
11.853989,0.62213326
11.853989,0.53643066
10.797385,0.5595737
5.9839725,0.735348
7.46321,1.1368426
5.70403,1.8701007
1.3996912,3.0744884
10.504253,4.900281
15.286145,7.421297
20.880398,10.4834585
26.073002,13.65558
15.79824,16.430515
11.475361,18.45853
6.7820153,19.54857
1.8132296,19.56608
15.020623,18.440125
24.845833,16.223185
36.15392,13.144471
41.025467,9.700499
30.647657,6.5555396
17.754982,4.1705246
15.076644,2.6062021
11.705644,1.6685009
4.9670696,1.0757276
4.9670696,0.8105137
0.13245519,0.69185543
0.0,0.7073321
0.0,0.8990641
0.0,1.3632463
0.0,2.2575347
0.86249995,3.7988462
13.91477,6.191261
34.34817,9.413201
33.36487,13.022624
29.92443,16.347006
24.624937,18.911545
41.025467,20.556997
27.915197,21.247095
22.945011,20.933365
41.025467,19.579258
33.3928,17.206617
26.710516,13.957181
17.892962,10.2601595
23.054058,6.829464
23.570873,4.2320194
16.871737,2.568694
6.626624,1.6119422
6.626624,1.0902882
6.626624,0.8074629
6.626624,0.6758833
6.626624,0.6806678
2.7610934,0.8693148
0.0,1.3520505
2.8268821,2.3115914
11.32306,3.9975147
18.752779,6.6236753
21.87341,10.101504
32.04824,13.8676815
38.621456,17.196905
33.982338,19.668905
29.89471,21.2064
32.405464,21.828455
16.014465,21.510704
3.113187,20.210148
20.998556,17.915537
28.616388,14.709406
17.103266,10.948299
11.612771,7.3382373
9.337122,4.5320215
9.528546,2.7136025
3.9053187,1.6721267
0.0,1.1111485
0.0,0.80810446
0.0,0.6614819
0.0,0.65271
0.0,0.8343924
0.0,1.3315092
0.0,2.353386
3.675564,4.182012
15.22904,7.03197
21.686909,10.734493
17.049139,14.613785
32.865494,17.918459
34.113575,20.292833
26.939463,21.732994
36.856102,22.304037
32.61933,22.001034
16.715939,20.77287
12.860768,18.577278
11.684645,15.44374
13.512371,11.654512
6.7120986,7.8872776
6.4855747,4.870111
6.4855747,2.8825605
6.4855747,1.744934
11.902375,1.1217501
10.096775,0.80960524
6.4855747,0.6680907
6.4855747,0.65664726
3.6967776,0.78706473
0.0,1.1080967
0.4672222,1.7028544
5.98104,2.6902785
15.754533,4.214327
28.811226,6.382799
26.10963,9.12936
20.730207,12.105542
16.582022,14.789966
13.059749,16.724197
8.1612425,17.604542
17.469059,17.26968
28.354822,15.733367
41.025467,13.209811
31.459507,10.136082
2.707749,7.128111
2.3467963,4.7025585
3.1290617,3.0259504
3.1290617,1.9769564
3.1290617,1.3526808
3.1290617,0.9963211
3.1290617,0.80281466
3.1290617,0.72980326
3.1290617,0.7736005
3.1290617,0.96503276
3.1290617,1.3691212
8.30522,2.0890157
19.068483,3.2669709
28.176535,5.0577583
37.080936,7.5297127
41.025467,10.5098095
38.093487,13.554328
37.301712,16.15666
25.896727,17.950974
18.205465,18.70855
15.020838,18.291689
18.741755,16.698914
25.431879,14.100623
25.164175,10.881282
23.299149,7.656086
18.111996,5.0102544
13.883966,3.17427
9.693338,2.037254
13.013867,1.3734641
12.446328,0.999555
12.446328,0.79748416
12.446328,0.71911937
12.446328,0.76085496
6.6697645,0.95863706
5.8820515,1.3885156
13.238519,2.1727412
16.071249,3.4807203
21.66865,5.4883056
31.482222,8.239324
30.725943,11.467745
28.769245,14.635591
30.66479,17.229261
39.31511,18.946547
30.018381,19.62396
18.528477,19.159792
27.098383,17.553274
27.28899,14.936505
41.025467,11.6303
39.70519,8.223925
13.559003,5.3615565
11.138719,3.352772
5.8820515,2.113943
7.3056955,1.4015032
4.3987803,1.0062937
0.17595121,0.7934974
0.0,0.70802927
0.0,0.746092
0.0,0.94925225
0.0,1.4060814
0.2871,2.2606196
7.2375827,3.7119157
13.14353,5.9521265
29.216482,8.980842
24.06572,12.421585
21.599388,15.656339
6.8902783,18.19522
9.1269655,19.813913
19.168865,20.412996
20.974716,19.92157
26.356474,18.333685
31.14199,15.740572
29.513088,12.394279
27.950747,8.838364
19.246943,5.7622275
2.7568243,3.5655034
0.0,2.209345
0.0,1.4389366
0.0,1.0178202
0.0,0.7917707
0.0,0.69721156
0.0,0.72964764
0.0,0.93670845
0.0,1.4209954
0.0,2.3509853
7.769802,3.956754
21.963366,6.438472
22.541466,9.730488
22.691448,13.338314
31.483315,16.588537
33.99625,19.041025
41.025467,20.553387
28.941994,21.08421
12.45401,20.587376
10.167067,19.047077
7.723117,16.513632
17.462646,13.170586
37.942745,9.5000515
28.893717,6.217451
11.4271345,3.8181612
7.5521407,2.327075
4.2844586,1.4876148
2.337754,1.0352063
2.337754,0.79313153
2.337754,0.68735117
2.337754,0.71189654
2.337754,0.92073905
2.337754,1.4319472
2.337754,2.440783
2.6060104,4.208163
12.364549,6.930893
26.704456,10.45964
41.025467,14.186473
41.025467,17.411667
41.025467,19.76152
38.914265,21.171143
29.50453,21.648783
41.025467,21.167744
26.384089,19.699482
22.332943,17.25508
30.496716,13.953491
22.349464,10.205217
22.419481,6.729263
10.553102,4.11524
12.573265,2.4703763
6.365564,1.5491607
7.219247,1.0593636
7.219247,0.79835594
7.219247,0.6792119
7.219247,0.69334614
7.219247,0.9010904
7.219247,1.4371588
7.219247,2.5253549
11.199804,4.4553885
26.425825,7.407764
20.356247,11.137643
24.567097,14.939037
25.109795,18.112812
33.009453,20.357622
25.758528,21.676245
26.21047,22.118048
24.142887,21.67172
26.694988,20.29507
36.674717,17.962633
34.7923,14.734556
25.317915,10.945408
12.643264,7.2955594
7.219247,4.459341
8.27819,2.6419368
8.346521,1.624972
11.705644,1.142273
11.705644,0.84979695
1.653081,0.7153255
0.0,0.7204548
0.0,0.8955233
0.0,1.3157847
2.2431443,2.1028519
7.0608473,3.4227083
18.32726,5.449046
17.85574,8.2351265
36.877953,11.530523
41.025467,14.79704
37.94403,17.515484
32.168716,19.406134
15.181352,20.34994
3.9631894,20.25795
6.9558396,19.077911
17.062782,16.844772
22.332968,13.735907
39.72199,10.197364
32.446236,6.9020753
10.210765,4.3688793
7.343785,2.701574
5.8696775,1.7084609
4.538326,1.0823134
0.16640529,0.81527716
0.0,0.6984226
0.0,0.7007609
0.0,0.8395808
0.0,1.1672634
0.0,1.7712168
6.209947,2.7772198
14.012195,4.3359604
37.895172,6.5493135
41.025467,9.320382
34.66972,12.263634
41.025467,14.845542
29.088062,16.613283
28.209488,17.270447
39.374413,16.685238
38.115353,14.9302435
30.481384,12.283628
25.159542,9.232201
4.750563,6.384759
1.9576666,4.1797657
6.5255556,2.7003605
6.5255556,1.7909192
6.5255556,1.2539471
8.328214,0.94746566
12.534416,0.78246784
8.208036,0.7252238
6.5255556,0.77678436
5.2204447,0.9703464
0.0,1.3728075
0.20451477,2.0910356
7.8251233,3.2744627
10.976217,5.0846653
24.45545,7.5832305
39.361458,10.570305
41.025467,13.576276
41.025467,16.088099
41.025467,17.738882
41.025467,18.297415
27.324026,17.648445
9.50955,15.8448715
19.459148,13.120232
13.920678,9.916666
18.297277,6.855471
10.340284,4.4459214
0.33957818,2.8257964
0.0,1.8417033
0.0,1.2722802
0.0,0.95166427
0.0,0.7797704
0.0,0.7183567
0.0,0.76911277
0.0,0.970524
0.0,1.400659
2.5295684,2.1858358
8.078865,3.5025446
10.997338,5.53008
23.051504,8.29787
32.871212,11.511147
29.142868,14.617853
28.65339,17.110018
20.005621,18.68482
23.460524,19.170998
21.685846,18.483904
23.666191,16.670767
31.612219,13.921823
15.550447,10.619646
15.344657,7.3735256
11.356873,4.7576566
1.504479,2.981343
0.0,1.9087946
1.9386802,1.2982134
6.1221476,0.9597955
1.0611722,0.7790108
0.0,0.7120072
0.0,0.7609112
0.0,0.9700942
0.0,1.4304184
0.117414534,2.2904065
7.9331026,3.755315
12.4098015,6.0149565
21.194624,9.045804
21.863138,12.445682
10.248168,15.598949
26.54652,18.030985
21.341522,19.513687
13.041384,19.933855
16.742247,19.232023
29.711464,17.443573
25.958832,14.712571
24.333197,11.35511
13.814693,7.9490414
4.002265,5.1233234
2.5956666,3.172307
0.0,1.9948946
0.0,1.3337504
0.0,0.97299224
0.0,0.7809573
0.0,0.7067232
0.0,0.75245166
0.5275667,0.9689691
6.3307996,1.461648
8.24112,2.4038718
7.611848,4.029888
16.87889,6.528953
24.069103,9.803891
27.05995,13.343443
26.594774,16.495157
9.476815,18.84001
7.1277685,20.22636
17.751606,20.593328
22.036768,19.900764
21.280283,18.167608
25.095907,15.491587
34.668087,12.120446
33.832947,8.583945
24.873962,5.549608
20.774632,3.405258
12.228793,2.1039395
9.535692,1.3808178
9.535692,0.9922863
7.589733,0.7863247
3.5547187,0.70303994
0.0,0.7439695
0.0,0.9668643
0.0,1.4932878
0.09830985,2.5237677
12.409101,4.31972
19.25829,7.0557737
28.014566,10.544634
21.496618,14.175896
22.323318,17.28893
25.8576,19.533264
26.977776,20.828506
23.69656,21.158714
19.517426,20.498032
15.122941,18.84631
34.76109,16.256577
22.386545,12.909986
15.404679,9.275969
10.23749,6.0406237
2.370347,3.6862326
0.0,2.2399426
0.0,1.4413446
0.0,1.0186486
0.0,0.7957945
0.0,0.70151836
0.0,0.7357233
0.0,0.96332777
0.0,1.5235547
0.0,2.64561
2.9195192,4.614011
10.796985,7.573735
16.932123,11.238825
7.7694597,14.918828
19.023825,17.969456
31.004248,20.112019
27.665487,21.32809
23.917181,21.639233
8.007493,21.030312
16.60219,19.481422
11.785352,17.003653
24.139362,13.715367
22.934265,10.018325
14.844607,6.5967245
9.705764,4.0200186
6.2675195,2.4068515
3.4401076,1.5172867
6.3666897,1.0523725
6.3666897,0.8268954
6.3666897,0.73206425
6.3666897,0.74581724
6.3666897,0.8896078
10.466083,1.2176263
5.924716,1.8188819
2.78312,2.8216467
8.886966,4.3768587
15.85922,6.575052
36.458454,9.294453
28.929958,12.132478
25.800888,14.559542
22.731564,16.128305
21.920034,16.549181
19.10129,15.72983
10.801897,13.810133
15.731993,11.133386
20.084562,8.217414
12.515059,5.6220393
1.127257,3.6826086
0.0,2.4090283
0.0,1.6326184
0.0,1.1739012
0.0,0.90993625
4.4279823,0.7681787
0.16101755,0.7229121
0.0,0.7788824
0.0,0.97019297
0.0,1.3633698
6.4168434,2.0653336
4.926138,3.2269962
23.93588,5.010086
27.748556,7.46835
28.927395,10.388537
20.157715,13.296228
16.145332,15.679544
6.0433183,17.162352
8.538238,17.507662
15.816032,16.633982
21.971346,14.661185
19.36475,11.893579
14.160327,8.819214
9.125896,6.022109
9.064019,3.9024448
5.4831395,2.5108278
0.0,1.6738952
0.0,1.1895573
4.0154586,0.914594
0.14054106,0.76751053
0.0,0.71923643
0.0,0.775536
0.0,0.97571814
4.0825534,1.3971878
5.974468,2.1658664
2.3625257,3.458444
13.9149065,5.450802
25.906666,8.160933
38.56847,11.285819
41.025467,14.281212
30.000858,16.64538
21.469524,18.06048
13.487756,18.341967
11.915323,17.433289
15.020213,15.443915
22.161295,12.635121
13.272752,9.448065
14.153619,6.470197
6.969011,4.164817
5.9226804,2.6398752
0.3751031,1.7299155
0.0,1.2123048
5.8696775,1.1498107
5.8696775,0.8405595
5.8696775,0.6940287
5.8696775,0.68921846
5.8696775,0.8608385
6.4567146,1.2957553
14.927251,2.1363802
13.0118265,3.578974
22.45742,5.8213563
31.905798,8.88778
24.987143,12.420112
14.798619,15.780711
13.571725,18.457527
12.2415495,20.248508
22.531916,21.103392
28.116339,20.968613
35.31553,19.79591
20.490564,17.594006
22.38755,14.48375
16.608404,10.849013
3.4960177,7.367647
6.148283,4.6370726
6.148283,2.827557
6.148283,1.7568933
0.0,0.9231085
4.337257,0.76905596
5.8817434,0.71676975
0.0,0.7728993
0.0,0.9825974
0.0,1.4357895
0.0,2.2799914
2.8236585,3.7185504
22.24683,5.932887
29.939276,8.885624
30.743885,12.176062
30.496967,15.209888
29.373009,17.520033
30.710836,18.855621
13.6248455,19.08295
8.282066,18.164724
3.149162,16.193356
11.697017,13.383006
25.780281,10.119718
15.008462,6.978232
12.470532,4.4791083
8.469583,2.801845
0.0,1.8034796
0.0,1.2440101
6.148283,1.1617854
1.1886681,0.8335134
0.0,0.6727594
0.0,0.65499943
0.0,0.81911474
0.0,1.2642089
0.0,2.15517
3.3158731,3.7205477
6.997119,6.179391
17.283909,9.512626
28.2954,13.244472
41.025467,16.655075
35.34774,19.263453
41.025467,20.949562
38.15207,21.725092
25.401276,21.565681
23.982893,20.422863
16.110554,18.278963
11.22722,15.202156
20.141544,11.508628
19.320591,7.86225
13.923929,4.933779
9.437453,2.9719415
9.437453,1.8153044
9.437453,1.1794356
5.2966037,0.830001
3.5219536,0.6531095
3.5219536,0.6194492
3.5219536,0.7715459
1.5731392,1.220971
0.0,2.1561768
0.4232768,3.8388393
2.6450171,6.504582
7.599181,10.07921
9.018473,13.970369
13.989913,17.398548
19.936361,19.928503
32.58455,21.517206
33.254265,22.22912
23.231962,22.063717
22.776997,20.969694
16.895725,18.90403
13.480787,15.887888
14.691248,12.169596
12.318925,8.3819685
7.0663505,5.25856
4.991803,3.1355515
4.991803,1.8844999
4.991803,1.1970247
1.2645901,0.85922855
0.0,0.7024821
0.0,0.6687867
0.0,0.7489463
0.0,0.960331
1.5090094,1.3383145
6.9646587,1.9307847
11.104757,2.7903583
7.367636,3.9588552
13.9614725,5.435959
18.15369,7.1306896
32.585953,8.823492
26.654978,10.186416
27.426067,10.86752
25.026209,10.612646
31.264126,9.410773
22.159552,7.571652
26.06317,5.591419
20.898619,3.8758376
5.399764,2.5871305
4.4688888,1.6998168
4.4688888,1.1196343
4.4688888,0.75484717
10.333333,0.47963443
10.752222,0.33259222
10.752222,0.2924436
10.752222,0.35860756
10.752222,0.5577669
10.752222,0.94758147
10.752222,1.618185
11.705361,2.6923075
25.257124,4.310962
31.314457,6.570073
24.47529,9.390495
32.713642,12.43149
41.025467,15.209329
29.305546,17.314655
19.5443,18.472431
23.006077,18.487118
26.719553,17.276604
41.025467,14.947693
25.34167,11.836617
24.710583,8.532846
12.4886465,5.675945
17.123661,3.6040862
17.362782,2.2808135
13.573089,1.4950228
12.673688,1.0613009
7.8636055,0.82363033
6.610559,0.72415763
6.610559,0.7530471
6.610559,0.9420007
1.9831676,1.3624455
0.06583333,2.1285295
8.466234,3.3965368
9.80836,5.3318934
24.553127,7.99279
25.879637,11.160207
17.198166,14.336189
27.973772,17.007381
33.147278,18.856604
28.253603,19.7152
23.283758,19.46861
35.72674,18.081295
35.38162,15.642416
19.750761,12.422091
17.193111,8.966618
11.410175,5.94285
6.8818517,3.7411084
6.8818517,2.3438432
7.1845517,1.5250603
6.054,1.0664824
6.054,0.8162629
6.054,0.70828235
6.054,0.7317042
6.054,0.9233124
6.054,1.3663139
7.7596254,2.1954148
11.703153,3.5960472
17.970545,5.755261
33.279373,8.700674
34.98643,12.108706
38.497837,15.385167
37.727707,18.021624
26.136429,19.775496
13.852317,20.546804
21.671556,20.257088
29.107828,18.872787
26.661757,16.449781
28.152498,13.193493
32.37566,9.598346
22.72276,6.3645415
6.4888425,3.9694004
7.461336,2.446287
10.7183695,1.5633991
